,Review,Label
0,맛있어요!! 매번 시켜먹는 곳입니다,True
1,축구 볼때 포장주문했는데 진짜 빨리 나왔어요 거의 다 먹고 생각나서 치킨 한조각 사진 찍었어요ㅠ 양념치킨 짱짱,True
2,잘먹었습니다 ~~~,True
3,배달빠르거 맛잇어요,True
4,마싯어요 굿,True
5,너무너무 맛있어요 다음에 또 먹을거에요,True
6,네네에 중독에서 언제쯤 빠져나올까요ㅋㅋ,True
7,"맛있어용ㅎㅎ
항상 늦게까지 하는 네네 굿ㅋㅋ",True
8,"새벽에 배고팠는데 빠르고
맛있게 잘 먹었어요 !",True
9,"배달 짱 빠르고 개존맛,,,뿌ㄹㅋ보다 더 맛있음",True
10,양념꽃게데..양념도모질라고  먹다보니 딱딱한 집게발이소복하네요 ㅠ 서너번 맛잏어서시켯는데..냄새도나고 아닌듯,False
11,맛있게 잘 먹었습니다,True
12,간이 딱 제입맛이었습니다. 잘먹었습니다ㅎㅎ,True
13,음식 맛있습니다 잘 먹었습니다ㅎ,True
14,아주 맛있습니다,True
15,맛있게 잘 먹고 있습니다!,True
16,맛있게 잘먹었습니다,True
17,덕분에 맛있게 잘 먹었습니다!😊👍,True
18,짬뽕은 요근래 먹은곳중에 여기가 젤 맛있었습니다.,True
19,"맛있게 잘먹었습니다.
이벤트 서비스 누락은 조금 아쉬웠습니다.",True
20,"양도 많고
맛도 좋고",True
21,맛있게 먹었습니다,True
22,"리뷰이벤트 만두는 안와서 아쉬웠지만,
음식은 맛이 매우 좋았습니다.
다음에도 재주문 하겠습니다.",True
23,진짜 파파존스 브라우니 맛집입니다,True
24,"사실 파파존스는 처음인데 맛있네요, 도우 퀄리티도 좋고 어쩜 이리도 고소한지",True
25,"소문의 존페 처음 먹어보는데..
미쳤네요",True
26,"피자 최고의 맛집 = 파파존스
👍👍👍👍👍👍👍👍👍👍",True
27,"피자는 역시, 파파존스가 맛있고 짱이에요👍",True
28,"피자는 파파존스가 최고죠
👍👍👍👍👍👍👍👍",True
29,맛잇게 잘먹엇어요!,True
30,"배달이빠르네요.
담백하게잘먹었습니다.",True
31,감사합니다 맛있어요,True
32,음 뭐 할인이라지만  피자라기보단 피지빵같은? 치즈가 너무 없어 치즈맛은 안나고  빵맛만 아쉽...,False
33,항상 친절하고 맛있어요,True
34,맛있게 먹었습니다!,True
35,"이번에는 바로 먹기 직전! 
아이들은 이미 후라이드 몇개 집어갔지만요. ㅋㅋ 
소스도 많이 주셔서 맛나게 후하 하면서 먹었어요.
아이들도 야무지게 후라이드 먹었구요.",True
36,"치맥은 역시
뿌링클을 못따라오지!",True
37,정말 좋았습니다. 맛도 양도 대만족!,True
38,맛있네요. 맛있어요,True
39,시켜본 BHC 매장 중 가장 맛있었습니다!,True
40,양도 많고 맛있어요,True
41,맛있게 잘 먹었습니다.,True
42,덕분에 맛있게 잘 먹었습니다!😊👍,True
43,"진짜 너무 맛있게 먹었습니다.(+배달 속도도 최고)
양이 많아 남아서 다음 날 먹었는데 닭강정 느낌으로 따뜻할 때랑 다른 매력으로 맛있더라구요 ^0^)/",True
44,"양념은 페리카나
개맛있어요
매일먹고싶다",True
45,"역시 페리카나 양념은 근본 b
맛있게 잘 먹었습니다 :D",True
46,맛있게 잘먹었습니다 :),True
47,언제나 맛있어요 만족,True
48,맛있게 잘먹었습니댜.,True
49,맛있어요 🍗🍗🍗🍗🍗🍗🍗,True
50,양념이 다른 페리카나랑 달리 조금 매콤해서 놀랬어요ㅜㅜ,False
51,"여행와서 먹을게 뭐 없나 찾아보다가 평소에 페리카나 좋아해서 주문했어요…

근데 이제 어떻게하죠…?

다른지점 페리카나는 못먹을것같아여.. 여기 너무 맛있어요..

치킨에서 고기육즙이 뚝뚝떨어질정도로 부드럽고…
겉은 바삭하고… 양도 가격도 정말 안믿길정도였어요…

다른지점시켜도 여기가 계속 생각날것같아요…

리뷰생각지도못해서 사진은 못찍었는데 진짜 대전으로 이사올까 고민할정도로 맛있었어요… 번창하세요 사장님..",True
52,바삭하고 매콤하고 두가지 다 맛있어요.제일인듯,True
53,항상 친절하고 맛있어요,True
54,맛있게 먹었습니다!,True
55,"이번에는 바로 먹기 직전! 
아이들은 이미 후라이드 몇개 집어갔지만요. ㅋㅋ 
소스도 많이 주셔서 맛나게 후하 하면서 먹었어요.
아이들도 야무지게 후라이드 먹었구요.",True
56,"치맥은 역시
뿌링클을 못따라오지!",True
57,정말 좋았습니다. 맛도 양도 대만족!,True
58,맛있네요. 맛있어요,True
59,시켜본 BHC 매장 중 가장 맛있었습니다!,True
60,양도 많고 맛있어요,True
61,맛있게 잘 먹었습니다.,True
62,덕분에 맛있게 잘 먹었습니다!😊👍,True
63,새로 나와서 시켜봤는더 식어도 맛있어요,True
64,맛있게 잘 먹었습니다,True
65,"맛있어요..새우도 싱싱하고 통통하고 간도 잘맞구요 ㅎㅎ....ㅠ  근데 옛날보단 확실히 피자크기가 많이 작아지긴 했군요... 그래도 피자의 선택지가 없으니 어짜피 우승은 도미노

(L사이즈 저혼자 다 먹었는데... 이거 많이 먹은겁니까?...ㅠ)",False
66,맛있게 잘먹었습니다,True
67,맛있게 잘 먹었습니다~~,True
68,라이스볼 말해뭐해 굿,True
69,맛있어요 씬이라 좋았는데 확실히 배는 덜차는듯! 간식으로 시킨거라 전 잘먹었어요~,True
70,항상 같은 맛. 맛있게 잘 먹고 있습니다,True
71,"라이스볼은
너무맛잇고 또 먹고싶고",True
72,맛있음 근데 너무 바빠서 그런지 피자를 막 자른듯 네가지맛 구분 없이 막 잘려있었음,True
73,바삭하고 양념 맛있어요,True
74,양념치킨은 처갓집이 제일 맛있는 것 같아요 ㅠㅠ 맛있게 잘 먹었습니다!,True
75,매번맛있게 먹고있습니다,True
76,"와락 간장치킨 맛에 반해 꾸준히 주문해 먹지만, 손질 안 된 기름부분 때문에 거의 절반은 버린다는..ㅜㅜ",True
77,맛있게 잘먹었습니다 :),True
78,맛잇게먹었어요. .....,True
79,좋아요 정말 배송 빠르고 좋아요,True
80,"역시 처갓집 양념이네요
정말 맜있었습니다",True
81,맛있게 잘먹었습니다 :),True
82,행사해서 가격도 싸고 맛있습니다 짱짱,True
83,할인해서 싸게 잘먹었습니다,True
84,피자가 매우 맛있었어요,True
85,ㅋㅋㅋㅋㅋㅋ아 피자맞나요?ㅎ,False
86,"빵 발효가..발효 냄새가 너무 많이나네요..
제가 먹어 본 피자헛 피자맛이...아닌것같아요..",False
87,디트로이트 피자 새로 나와 시도해봤는데 맛있었어요. 또 시켜먹을 것 같아요.,False
88,간이 약간 싱겁네요,False
89,"피자 맛있게 먹었습니다
주문이 많으셨는지 요번엔 배달이 예상시간보다 조금 오래  걸렸어요 
다음엔 더 잘 부탁드릴께요~~",True
90,맛과양 맛있습니다 배달 감사합니다,True
91,맛있어요 맛있어요 맛있어서 사진이 없어요,True
92,맛과양 맛있습니다 배달 감사합니다,True
93,포장이 넓적 상자에서 일반 상자로 바뀌었지만 맛은 그대로!,True
94,맛잇게 잘 먹엇습니다,True
95,.맛있게 잘 먹었습니다!,True
96,잘먹었습니다 ㅎㅎ첨 먹어본 메뉴인데 역시 굽네은 굽네네요 맛있어요!!,True
97,너무 맛있게 잘 먹었습니다,True
98,맛잇게 잘 먹엇습니다. 사진은 깜빡해서 저번에 먹엇던걸로,True
99,"가장 맛있는 치킨~!!
정신없이 먹다보니 순삭~
다 먹은 사진이라 죄송해요 ㅜㅜ
고추바사삭은 사랑입니다~♡",True
100,"맛나게 잘먹었어요^^
축구 보면서 맛있게 행복했어요 ^^",True
101,항상 너무 맛잇네요,True
102,"기분좋게 저녁7시경 미리 주문하고 
9시 배달부탁드렸는데 
치킨은 7시에 튀겼는지 눅눅해졌고 겉박스
포장봉투까지 물로 적신걸보니

그나마 월드컵이라 
미리주문하고 시작시간보다 한시간빨리받은
제생각이 중요한게아니였네요 

이딴식으로 장사하지맙시다
전화는 통화중 가게는 닫혀있고 
일단 어떻게든 팔아만보자라는 생각이신가
매우 실망했습니다",False
103,주먹밥 잘 먹었어요~ 고기 여전히 맛있습니다.,True
104,리뷰이벤트로주신 김치찌개까지 양도 넉넉하고 진짜 맛있었어요 잘먹었습니다,True
105,푸짐하고 맛있어요 추천합니다,True
106,진짜 정말 맛있게 잘먹었습니다. 부모님께서 맛있다고 좋아해서 기분좋았습니다!,True
107,늘 배달도 빠르고 맛도 좋습니다~!,True
108,깜빡하고 리뷰이벤트 참여를 못했는데 서비스로 김치찌개가 왔습니다. 예상치 못하게 정말 맛있었어요!! 배송이 너무너무 빨라요.....ㅎ,True
109,배달 엄청 일찍왔어요 맛있게 먹었어요,True
110,"늘 맛있어요
깔끔한포장 친절하고 빠른 배달도 한결같아요",True
111,몇번 째 시켜먹는데 고기가 더 부드러워진 것 같아요. 진짜 맛있게 먹었어요. 감사합니다!,True
112,고기가 좀 퍽퍽한 느낌이 있었지만 그래도 맛있고 좋아요.,False
113,저렇게 2개 오는데 양도 많고 맛나요!,True
114,"후기가 좋아서 주문했는데 탕수육 짜장면 맛있어요
짜장면은 촉촉한걸 좋아하는데 소스가 조금 부족했던거 같아요. 다음 주문시에 소스 더 달라고 요청할게요
포장도 깔끔하고ㅎㅎ 맛있게 잘먹었어요",True
115,탕짬면 곱빼기 딱좋아요.. 매주먹어요,True
116,"양도 많고 너무 맛있게 잘먹었어요 ~
깔끔해서 더 좋내요",True
117,배달겁나빨라요 이제 여기만 시켜먹어요,True
118,처음 배달해본 가게인데 배달도 빠르고 맛있게 잘먹었습니다 많이 파시고 좋은하루되세요😊,True
119,잘 먹었습니다 :) 살짝 간간해요,True
120,믿고먹는 대명각입니다,True
121,한끼 잘 먹었어요,True
122,이 주변 중국집중에 짜장 짬뽕 둘 다 맛있는 곳은 여기밖에 없는 거 같아요 탕슉도 존맛탱,True
123,잘 먹었습니다.,True
124,맛있게 잘먹었습니당,True
125,맛있게먹었습니다 ㅎㅎ,True
126,"배달도 빨리오고 맛도 적당히 매워 맛있었어요
양 많아서 세명에서 잘 먹었네요 밥 볶아 먹으니 꿀맛이였습니다",True
127,해물찜 먹고 싶을때 종종 시켜 먹어요 오만둥이를 좋아하는데 이번엔 찾아보기가 힘들어서 좀 아쉬웠어요,True
128,순살 아구찜 너무 맛있어요. 배달도 무지 빨랐고요!,True
129,아주아주 맛있게 먹었어요,True
130,까먹고 리뷰 안쓸뻔 했는데 개맛있어요,True
131,"감사합니다
양도 많고 맛도 너무 좋습니다!!
다음에 재주문 하겠습니다~",True
132,"가격에 비해 양이 엄청많네요.. 25000원이라 해서
콩나물만 많고 아구는 적을줄 알았는데 진짜 다 많아요
아구 곤이 콩나물 적당한 비율이네요 혼자 먹기에는
생각보다 양이 많습니다 배달도 빠르구요 맛있어요
한가지 아쉬운건 좀 싱겁네요 특히 콩나물과 같이 먹으면 더 싱거운듯ㅠ 그래도 첫배달치곤 진짜 만족
합니다 계란찜 미역국 샐러드 백김치도 좋아요^^
완전 강력추천!!!",True
133,먹어본 커리퀸 중 최악입니다 튀김옷이 뚝뚝 떨어지고 튀김 가루만 튀겨진 조각들도 있고 포장 방문했는데 직원들 마스크도 안쓰고 조리하면서 수다떨고 있고,False
134,너무 맛있게 잘먹었습니다.,True
135,맛있게잘먹었습니다~~~~~~,True
136,잘먹었습니다! 나중에 또 시킬게요,True
137,뿌링클 가루도 많고 맛있었어요,True
138,맛있게 잘 먹었습니다,True
139,배달도 빠르고 오늘도 맛있었어요~,True
140,늦은거 미안하다고 서비스도 주시고 따뜻할때 포장해와서 넘 맛있게 먹었습니다~~,True
141,"축구보면서 먹을려고 일부러좀 일찍 시켰어요
아주 좋은 날이었습니다~",True
142,맛초킹 소스 많이 넣어주셨어요 감사해요 !,True
143,"음식 잘 배달왔고, 맛있게 잘 먹었어요!",True
144,치킨 잘먹을게요.😃,True
145,맛있다!!!!!!!,True
146,잘먹었습니다. 추천합니다 ^^,True
147,"치킨 두 조각 덜 보내고, 그래서 다시 보내라니 30분 지난 지금 아직도 안오고있다. 아무리 프렌차이즈라지만, 진짜 대충 장사하는 듯",False
148,망ㅅ있어요,True
149,"요청사항 잘 들어주시고
항상 따뜻하고 맛있게 먹습니다",True
150,"맛있게 잘 먹었습니다.
너겟이 좀 맵네요.",True
151,맛있게 잘 먹었습니다.,True
152,잘 먹었습니다! 또 주문 하겠습니다!,True
153,처음 시켜봤는데 엄청 맛있네요 감사합니다,True
154,"빨리 도착하고 친절하시네요
너므너므 맛있어요
번창하세요",True
155,바삭하고 너무 맛있어요,True
156,그럭저럭 괜찮습니다,False
157,"배송에 문제가 있었지만
진짜 맛있어요",True
158,피자헛은 사랑입니다,True
159,배달도 빠르고 맛있게먹었습니다,True
160,가성비갑 메뉴 최고입니다,True
161,처음 시켜 먹었는데 너무 맛있어뇨~,True
162,배달이 빠르고 아주 친절하고 맛있어요,True
163,배달도 빠르고 맛있어요 좋아요 ㅎㅎ,True
164,"축구할때 먹으려고 주문했어요~~ 파절이 만들어서 같이먹으니까 세상JMT, 신랑이 바삭바삭한 치킨옷 입은 치킨시킨줄알고있다가~ 실망했는데~~~어쩌라고~~ 저는 잘먹고있어요~~!!
맛있어요~~",True
165,ㅁㅊ...너무 배고팟는데 입에 넣자마자 극락왕생,True
166,월드컵이라 늦을까봐 걱정했는데 엄청 빨리 왔네요 ㅎㅎ,True
167,맛있어서 연속이틀 시켰어요~!!ㅎㅎ,True
168,겉바속촉 굽네 장인이시네요~맛있게 잘 먹었어요!!소스 요청 들어주셔서 감사~!!,True
169,고추바사삭 항상 맛있고 오늘따라 굽기가 예술이네요! 맛있게 잘 먹었습니다~,True
170,맛있게 먹었습니다!!,True
171,맛있어요!！o3o,True
172,좋아요 잘받았습니다ㅎㅎ,True
173,배달도 빠르고 맛있어요,True
174,잘 먹었습니다! 최고!,True
175,도착도 빠르고 맛있네요.,True
176,"정말 맛있어요 토핑도 풍부하고 도우도 좋아요.
잠깐 다른 피자 시켰다가 바로 후회하고 7번가 피자로 다시 넘어왔습니다. 제 입맛에 딱이에요! 저는 피클이랑 기본 소스류 잘 안먹는데 그건 안주셔도 괜찮을 것 같아요.",True
177,항상 너무 맛있어요!,True
178,맛있게 잘 먹었습니다,True
179,쫀득쫀득 맛있네요 도우가,True
180,항상 맛있게 잘 먹고 있습니다,True
181,맛있는 치즈 크러스트 슈퍼 슈프림 피자!,True
182,리치 치즈 고구마 맛있어요,True
183,진짜 주에 한번은 먹어야됩니다.. 중독이에요,True
184,당면때매 국물이 많이 뿔었어요ㅠㅠ 하지만 너무 맛있어서 다음에 또 시켜먹을겁니다!,False
185,"고기의 부드러움은 보통이고
매운정도는 딱 괜찮았어요 ㅎㅎ",False
186,진짜 너무 맛있어요 미칩니다,True
187,포장은깔끔. 리뷰보고시켰는데 저희하고는 안맞나봐요. 그래도 보통으로 잘먹었습니다,False
188,전체적으로 살짝 달긴 한데 맛있었어요 저녁에 먹어서 속도 안쓰리고 편안하고 오히려 좋았어요. 굶은 사람 처럼 먹었습니다..! 이제까지 먹은 주먹밥 중에 젤 맛있었어요 또 생각나요 쓰다 보니까,True
189,맛있게 잘먹었어요🥰🥰,True
190,포장을 아주 깔끔하게 해주셨고 라면사리도 불지 않게끔 따로 포장해주셨어요 게다가 먹기 편하라고 비닐장갑까지 추가로 주셨네요 무엇보다 맛이 최고입니다👍🏻👍🏻,True
191,진짜 미친맛이에요 너무맛있습니다,True
192,처음시켜봤는데 맛있게 잘먹었습니다!,True
193,맛있어요! 양도 많아요,True
194,맛있게 먹었습니다,True
195,맛있게 먹었습니다,True
196,맛있게 먹었습니다,True
197,"늘~ 잘먹고있어요
깍두기가 작아진것이 아쉽네요 ㅜㅜ",True
198,"다른 지점과는 맛 차이가 있어요. 음식도 다른 형식으로 나오네요.
여기 밥 많이 줘서 좋아요.
(하지만 고기 양이 많지 않아서 좀 아쉽네요 ☹️)
먹을 만 해요.",True
199,맛나게.잘먹었습니다.,True
200,급하게 먹느라 사진을 못찍었네요ㅜㅜ 너무 맛있게 잘 먹었습니다!!,True
201,"빠르게 배달해주셨어요 

덕분에 맛있게 잘 먹었습니다",True
202,와우 수육 국밥도 진짜 맛있네요~,True
203,집에서 고기는 삶아 먹어도 원할머니 보쌈 김치맛은 따라갈 수가 없네요.,True
204,"보쌈은 역시 원할머니보쌈!
잘 먹었습니다-",True
205,푸짐하고 맛있어요!,True
206,보족2인세트 맛있게 잘먹었어요^^,True
207,"배달이 빨라서 고기가 따뜻했고 더 맛있었어요
보쌈김치와 무김치는 매콤달콤 시원한 감칠맛이 최고였어요 강력추천합니다",True
208,배달도 빠르고 음식도 정갈하게 맛있게 잘 먹었습니다,True
209,맛있어요  ㅎㅎ 너무,True
210,양은 원할머니 정량이고 배달도 예상보다 빨랐어요 도착 후 문자 주셔서 조용히 픽업도 했구요 근데 족발보쌈이 너무 두껍게 썰어져있고 보쌈에 돼지 냄새가 너무 나서 남겼습니다 ㅠ 족발은 어떻게든 먹겠다고 냉장고에 넣었지만 막국수나 부추는 짜고 달고 ㅠ 맛이 너무 아쉬웠어요,False
211,맛있게 먹었어요,True
212,"맵찔인데 매운 보쌈 시켰어요 ㅋㅋㅋㅋ
세상에 살면서 매운 보쌈이 있을 거라고는 생각도 못했어요 ㅠㅠ 2천원이나 더주고 청양고추룰 시키다니ㅠㅠ 
맵찔이라서 우울하지만 그래도 어찌저찌 먹었어요 ㅋㅋㅋ",True
213,단무지가 바뀌었네요 바뀌기 전이 더 나았던 것 같아요,True
214,진짜 맛있게 먹었어용😃👍,True
215,잘먹었습니다 감사합니다,True
216,진매알밥 진짜 맵네요~ 맛있게 먹었어요,True
217,맛있게 잘먹었어요!,True
218,맛있게 잘 먹었습니다~~~~,True
219,역시 빠르고 맛있습니다!!,True
220,늘 맛있게 먹고 있어요,True
221,맛간장 맛있어요! 조리법도 알려주셔서 감사합니다^^,True
222,어묵도 주시고 좋아요 자주 시켜먹을듯 합니다,True
223,고기가 닭살이 아니였네용 맛은 있었습니다!,False
224,자주시켜먹는데 양도많고맛있어요 ㅎㅎ,True
225,카레소스랑 고기랑 조화로워요 맛있게 잘먹었어요,True
226,항상 변함없이 맛있어요!!,True
227,늘 그렇듯 맛있어요ㅎㅎㅎ,True
228,"배달도 빠르고 양도 괜찮아요.
용기를 전자레인지에 넣을 수 있어요.",True
229,오늘도 맛난 카레 잘 먹겟습니다,True
230,잘 받았어요 ㅎㅎㅎ,True
231,ㅠㅠ 여기근처로 이사가고싶어요ㅠㅠ 넘 맛있음!!!,True
232,맛있게 잘 먹었습니다!!,True
233,푸짐하게 잘 먹었습니다. 매콤 규동이 데리야끼 대패 삼겹살보다 덜 매운 것 같아 아쉬워요.,False
234,"밖에서 친구들 만나고 할때마다 자주 이용하는 가게이기에 믿고 배달 시켰는데 아무리 봐도 이건 아닌거 같네요.
육회비빔밥이야 한쪽으로 쏠려도 그냥 비비면 된다 치지만,
초밥은 다 뒤집어져서는 참으로 먹음직하게 뭉쳐져있고, 배달 늦은건 이해를 해주려해도 라이더 위치 다 뜨는데도 불구하고 여기저기 엄청 들렸다 오시더군요. 다신 이용안합니다. 장사 번창하시길",False
235,"감자전은 더 바삭했었으면 하는
아쉬움이 있었어요...",False
236,맞있게 잘먹었습니다,True
237,"너무 맛있게 잘먹었습니다~
양도 맛도 최고네요",True
238,단골집인데 오늘은 늦어서 못 가고 이렇게 배달 주문 했는데 역시나 맛있어요 ㅎㅎ 짱입니다!!,True
239,가격에 비해 고기 질이 너무 별로였어요 양이 많아서 그런가..?ㅠㅠ아쉬워요 배달은 진짜 빨랐어요,False
240,"김치수제비 깔끔하고 시원한 맛에 맛있게 먹었습니다. 
돈까스도 맛있게 잘먹었습니다.",True
241,빠른 배달 감사합니다.,True
242,"#식후감

음.....

가성비 갑",True
243,잘먹었습니다.,False
244,맛잇게 먹었습니다!!,True
245,인간적으로 쫄면에 야채좀  더넣든가 하세요,False
246,칼국수가 살짝 불긴 했으나 맛있었어요 국수보다는 칼국수가 입에 더 잘 맞는듯,True
247,"맛없음....
떡만두국 주문했는데 만두국이왔음
전화할까하다가 가격이 같아서 그냥 참음
무엇보다 맛이 너무없음",False
248,항상  잘먹고  있어요 ㅋㅋㅋ ㅋㅋㅋ ㅋㅋ,False
249,맛있게 잘먹었습니다,True
250,"맛도 별로고 배달 관리도 별로고, 다시는 먹고 싶지 않네요",False
251,고소하이 처직이네~,False
252,푸짐하고 싱싱하고 맛있습니다~~~♡♡♡,True
253,"평가하기싫음
바가지썼네요",False
254,회도 넉넉하고 서비스로 주신 머리 구이랑 초밥도 너무 맛있었어요! 자주 이용할게요 ㅎㅎ 감사합니다 사장님!,True
255,배달도 빠르고 양도 많고 맛있어요 매운탕은 좀 심심해서 고춧가루 소금 등등 더넣고 끓여먹었어요,True
256,크리스마스날임에도 예상 예정 시간보다 빨리왔어요. 다만 회가 매우 얇아요. 서비스로 연어머리구이와 너겟과 후기 이벤트 연어 초밥 5피스를 받았는데 서비스에 감동 했으나 회 두께에 실망했어요. 그래도 배달 시간 안에 잘 보내 주셔서 감사히 잘 먹었습니다,False
257,"자세한설명이필요사장님과통화 완전친절하세요~~
양도많이주시고 초밥서비스 두툼한회에 매운탕캬~~ 100점드릴께요~^^",True
258,"완죤 빨리왔어오! 양도 넉넉했어오! 써비스 넘모 조아오!! ^0^
초장 더 부탁 드렸는데 하나 더 주셧어오 조아오! 광어 완전 쫄깃하고 탱탱해오 뱃살 츄릅...!",True
259,조기구이가 서비스로오다닠ㅋㅋㅋㅋㅋㅋㅋㅋㅋㅋㅋㅋㅋㅋㅋㅋㅋㅋㅋㅋㅋㅋㅋㅋㅋㅋㅋㅋㅋㅋㅋㅋㅋ개신기 맛있었어요~_~!,True
260,"마트에서 파는 봉지에 담긴 멍게 파는 듯하네요.
마니 실망스럽고.. 맛도 대형마트 포장멍게랑 맛이 똑같네요 ..
멍게꼭다리도 2개밖에없구요... 
양심을 파시지 않으셨으면",False
261,쫄깃쫄깃 맛있어요!,True
262,배달빠르고 맛잇겠 잘먹었어요~,True
263,양 많고 배달도 빨라요11,True
264,구성 좋고 맛도 좋고 전반적으로 훌륭합니다. 자주 사먹을 것 같아요,False
265,"아 진짜리뷰안쓰는데 2만4천원짜리 맛진짜없네

밥은 달라붙어서 바닥에서안떨어지고 비리고 배달이지만 신경좀쓰세요 돈아깝네요",False
266,"취하게 먹다가 사진을 못찍었네요
최고의 안주였습니다 굿",True
267,"회가 색깔이 이상해서 못먹었어요
썩은 느낌의 색은 뭐죠?ㅜㅜㅜ
물회에 들어있는 회 색깔이 저렇게 다를수있나요??",False
268,맛나요 또 먹을게요 칭찬해요 굿웋,True
269,"솔직히 초밥 따로 주문했으면 간장 넣을 곳 하나는 넣어주셔야 하는거 아닌가요??
그래도 회가 두툼하고 정말 맛있었습니다
또 시켜먹을께요",True
270,구우우우우우우우우웃,True
271,"광어회가 확실히 대자라 그런가 살이 맛있네요 
매운탕도 푸짐해서 3일 알차게 먹었습니다 ㅋㅋ",True
272,"물회너무맛있네요
배달이라 기대안했는데 잘먹었습니딘",True
273,맛있게 먹었어요~~,True
274,맛있게 잘 먹었습니다,True
275,굿이에요 또 먹을거에요 최고입니다. 담에 또 먹어요!,True
276,맛있게 잘 먹었습니다,True
277,사시미도 신선하고 초밥도맛있어요!! 잘 먹었어요~,True
278,소고기랑 붉은생새우 ♡,True
279,맛있습니다맛있습니다,True
280,너무 맛있어요ㅎㅎ 자주 이용하겠습니다,True
281,초밥 맛있어요~~!!👍,True
282,서비스로 온 계란초밥도 좋앟어요,False
283,양도 괜찮고 맛있어요.,True
284,"맛있게 잘 먹었습니다!  양도 푸짐하고 신선했어요.
다만 와사비가 소분되어있는데 그때문인지 수분이 날아가고 퍼석퍼석해서 아쉬웠어용",True
285,우리 동네에 이런 초밥집이 있었다니 당장 찜 했습니다 정말 미쳤어요.. 맛 비주얼 깔끔함 배달 다 완벽해요,True
286,"사진보다 양이 많다고 써놨지만 사진이 양이 더 많아요ㅋㅋ같은 가격이면 매번 시키던 프렌차이즈에다 시킬껄 하면서 먹었습니다.
간장 많이 다라는 부탁은 잘 들어주셨습니다.
많이 파세요",False
287,도미회 진짜 맛있어요! 여기만 먹어요😍,True
288,신선하고 맛도 좋아요,True
289,맛있어용! 회도 너무신선해요,True
290,오호  어제는 수산시장 현장에서 먹고 오늘은 배달인데 배달 회 상태가 너무 좋네요. 맛나요,True
291,"배달은 예상 시간보다 늦었지만 맛나게
잘먹었네요 양은 처음 봤을땐 적어 보였는데
막상 먹으니 은근 배가 부르더라구요ㅋ
생와시비랑 초고추장도 듬뿍 주시더라구요ㅋ",False
292,가격대비 양이 많다거나 회가 막 신선해보이진 않지만 맛은 기가 맥히네요 잘먹었습니다,False
293,실망 리뷰에 양 많다는건 거짓말.회.초장.간장.끝....매운탕거리는 머리 조금 주었음 야체는 아무것도 없고 전화해서 물어볼려고해두 연락할곳도 없고.가격대비 실망입니다.,False
294,맛있게 먹었습니다^^ 요청사항에 고추장 안주셔도 된다 했는데 주셨더라구요...ㅠㅠ 그거 빼고는 다 만족해요~,False
295,"믿고 먹는 벌교가족
근처 익스프레스 배달 시작하셔서 너므 좋습니다
번창하세요!^^ 오늘도 덕분에 맛있는 저녁입니다^^",True
296,배달도 빠르고 엄청 맛있어요,True
297,"맛있게 잘 먹었습니다!!!! 똑같은2인분에  모밀세트인데... 다섞어주셔서 머가먼지... 그래서 배고파서 막먹어  맞게온지도 잘 모르겠더라구요..예전에도  요런거였나,? 싶네요.. 다른곳보다 솔직히  재료들이  아쉬워요..",True
298,"사무실에서 시켜먹었는대 왠지 2%부족한듯한 맛 모밀면이 덜삶아져왔어요 ㅜㅠ
그래도 잘먹었습니다",False
299,맛있게 잘 먹었습니다 감사합니다,True
300,"궂은 날씨에 배달해주셨어요~~^^
정서만큼 음식맛도 좋았어요 🤗",True
301,맛있게 잘먹었습니다! 눈오는날 배달오시느라 고생 많으셨어요!! 다음에 또 이용할게요! 번창하세요!!,True
302,꽃등심 초밥 굿!!,True
303,다 흘려있고 오뎅국물 찌그러져있고 먼곳에서오셨는지 받을때부터 기분이 안좋았습니다,False
304,"맛도 맛있고 서비스 많이 주시고 잘먹었어요 
근데 배달이 30분이나 늦게온건 조금 그렇네요 가게잘못은 아니시지만 말씀드릴곳이 없어서 이렇게나마 남깁니다 
잘먹었어요 번창하세요!",True
305,너무 맛있게 잘 먹었습니다. 다음에도 기회가 되면 또 이용하도록 하겠습니다~,True
306,항상 맛있게 잘먹고있어요,True
307,"외국 나갔다 들어오자마자 주문했습니다..
역시 한국인은 한식이에요ㅠㅠ",True
308,고기는 그냥 저냥 냉면 육수가 맛나네요,False
309,이 근방 육쌈냉면집 중에 제일 맛있어요~! 면 안불어오고 면익기도 딱 좋아요. 비냉시켜도 냉육수 따로 주시고. 배달비 더 저렴한 다른 지점 있어도 항상 경희대점에서만 주문 합니다~,True
310,사진은 다음에 찍을께요   값싸고 깔끔하고  아주 맛있게 잘 먹었습니다 ~~^^,True
311,배달이 정말 빨라요 bb 잘먹었습니다,True
312,맛있게 먹었읍니다.,True
313,속이 꽉 찬 참치김밥!최애입니다^^,True
314,너무 맛있어요 열혈짬뽕 짱,True
315,참치김밥도 아닌데 깻잎이 별로였어요,False
316,강추 너무 맛잇어요,True
317,약간 매워요 맛있어요...,True
318,항상 맛있어요~~~~~~~,True
319,쓱쓱 비벼서 맛나게 먹었어요~~^^,True
320,속이 아주 실한 참치김밥이 짱입니다^^,True
321,김치찜에 계란밥 슥슥 비벼먹음 정말 맛있어요^^,True
322,잘 먹었습니다 감사합니다,True
323,맛있게 먹었어요 우동도 맛있었어요!,True
324,맛나게 잘먹었어요~!,True
325,늦은밤 술안주로 분식이 땡겨서 주문했지요~ 덕분에 즐거운 시간이 되었습니다 ㅎㅎ 아! 떡볶이에서 카레향이 나니 참고하세요,True
326,맛있게 잘 먹었습니다,True
327,너무맛잇게잘먹엇습니다아아아,True
328,떡볶이랑 튀김 전부 맛있네요,True
329,"맛있어용~!!!!
튀김들도 튼실하고 맛있슴둥",True
330,맛있어서 재주문했어요. 배달빨리왔네요ㅎㅎ,False
331,맛있게잘먹었어요 떡볶이도튀김도맛나요,True
332,맛있당 다음에도 주문할게용^^,True
333,"꿔바로우 맛있었고
리뷰대로 마라탕 야채많아서 좋았는데
마라탕에 야채,두부,면같은거 외에 메인 건더기느낌나는 재료가 없어 좀 당황했어요",False
334,"오늘두 마이똥!!!!!!!!!
벌써 다 먹어똥!!!!!!",True
335,"어제 너무 맛있게 먹고는 또 주문했어요!!!!!!!!!!
1일1마라탕😌
채소가 듬뿍 들어 있어서 너무 좋아요!!!!!",True
336,고등어가 좀 짜긴했는데 잘 먹었습니다:),False
337,"낙지볶음은 맵지않게 해달라고 부탁드렸더니 안맵고 좋았지만 원래 양념에서 맵지않게하면서 좀 아쉬움이 ^^;
생선이나 청국장은 너무짜고 생선은 프레쉬하지는...
그래도 밥서비스로 주셔서 잘먹었습니다",False
338,"식어서 와서 그런지 삼치에서 비린내가 나요..ㅠ
주문시에 상품설명? 적혀있으면 좋을거같아요.
삼치반마리+고등어반마리+공기밥2개+반찬4종
이런식으로.. 
청국장은 맛있게 잘먹었습니다",False
339,맛있게 잘 먹었습니다 청국장이 조금 아쉽네요,True
340,청국장두개에. 공기밥두개 추가했는데.추가한밥은 안왔는데. 혹시 깜빡하셧는지.,False
341,맛있게 잘 먹었습니다 :),True
342,먹지는 않았지만 맛있을꺼 같아요 :) 늘 그랬듯이,True
343,순삭했어요 ㅎㅎ :),True
344,미친듯이 흡입 했네요 정말 너무 맛있어요 :),True
345,고등어도 맛있지만 청국장도 맛있네요 청국장 순삭,True
346,요청사항.빼먹지않고 잘들어주시는 사장님. 제육덮밥 맛집 맛있게잘먹었습니다,True
347,완전맛있게 잘먹었습니다. 최고최고,True
348,완전맛있게 잘먹었습니다. 단골맛집 최고최고,True
349,맛있게  먹었습니다~~,True
350,더블 치즈 김밥에 치즈 두 장 사이에 비닐이 그대로 들어있네요.. 하나 둘... 다섯개째에서 사진 찍었습니다.. 치즈커버 같아서 그냥 먹지만 너무 불편하고 니맛도 내맛도 아니네요,False
351,잘 먹었습니다!!ㅣ,True
352,"배달ㅇ빠르고 양도 넉넉해요 
옛날스팸도시락.낙지텁밥 맛좋아요 딸아이가 좋아해요 담에또시킬게요",True
353,배달엄청빠르고 좋네요 음식도 너무 괜찮아요 자주 이용할게요,True
354,"아 넘나 맛있었어요~~^^
가족들끼리 맛난아점을 먹었습니다
빠르게 보내주셔서 정말 따끈하고 맛난식사 먹었어모
잘먹었습니다~^^",True
355,정말 맛있게 잘 먹었습니다,True
356,어릴때 먹던 떡볶이 맛이에요!!!!!!! 진짜 맛있어요,True
357,"잘먹었습니다
맛있어요",True
358,"1시간만에 왔어요
이미조리된제품인데도
늦네요

최소배달금액 오르고 나선 못먹었는데
김밥추가해서 오랜만에 먹어봅니다
약간 식은거 빼곤
알던맛",True
359,오늘도 맛있게 잘 먹었습니다!,True
360,꼬마김밥 맛있었구.  순대도 냄새안나고 맛있음,False
361,음.. 순대 일부랑 간 대부분에서 땀에 쩔은 옷 혹은 청소용 수건 냄새가 강렬하게 맛에서 나네요... 겨울이라고 오래된 음식 사용하지 마시고 신선하게 유지 좀 해주세요,False
362,오늘은 간이 더촉촉하고 맛있네요..다맛있어요^^,True
363,잘먹었습니다 추천합니다^^,True
364,좋습니다맛좋습니다맛,True
365,떠억보오끼이 jmt 취저,True
366,얼큰하고 주먹밥이랑 잘어울려요,True
367,양도 푸짐하고 맛있어요~~,False
368,수제비가 너무맛있어요ㅠㅠㅠㅠ,True
369,음식이 깔끔하고 맛있어요,True
370,맛있게 잘 먹었습니다,True
371,맛있어용 계란김밥은 집에서 해먹는 김밥 맛입니다☺️,True
372,잘 먹었습니다!!!,True
373,맛있습니다👍🏻👍🏻👍🏻,False
374,급해서 사진이 이리 찍혔는데 수제비는 여기서만 먹음,True
375,너무 맛있게 먹었습니다 ^^,True
376,닭발맛있네요 떡볶이는청양으로시켜야겠어요,False
377,안 매운맛으로 시켜서 8살 딸래미도 넘나 잘먹고 좋아해요 맛있어요. 특히 주먹밥 뭐 특별한거 들어간 것도 없는거 같은 평범한 주먹밥인데 입에 넣자마자 너무 맛있어서 깜짝 놀랐어요!,True
378,맛잇어영ㅇㅇ,True
379,맛있게 잘 먹었습니당,True
380,맛있었습니다! 양 많아요! 세트에 쿨피스도 포함인데 없는줄알고 쿨피스 또시킨사람 나야나 ㅋㅋㅋㅋㅋ 잘먹었습니다~,True
381,양이  생각보다 너무 많아서 너무 잘먹었어요 매지 않아 아쉽네요,True
382,처음 주문 했는데도 배달도 빠르고 양도 많고 너무 맛있었어요~,True
383,맛있고 양도 너무 많이써용 다음에도 즐겨 먹을게용,True
384,불맛이 나서 좋았습니다 :)  떡볶이도 꽉꽉들어가있네요,True
385,"떡볶이 닭발 누룽지 정말 모든 음식이 맛있네요

너무 잘먹었습니다",True
386,맛있게 잘 먹었어요,True
387,양많고 빠삭하고 맛있음,True
388,배송은 빨랐으나 맛과 양은 그냥그랬어요....,False
389,배달하신분 친절하고 닭강정도 맛있었어요,True
390,"양 많고 배달 빨라녀~~
약간 매운 맛인데 매운맛은 전혀 없어요
근데 제 입에는 닭비린맛이 심했어요 ㅠㅠㅠ",False
391,언제먹어도 킹왕짱,True
392,먹지마세요. 단맛은 모르겠지만 치즈맛은 끔찍했습니다. 그리고 1000원이나 추가했는데 떡은 어따가 팔아먹으셨나요? 그리고 이정도 양이면 동네닭강정집에서5000원어치도 안됩니다. 가성기가 봏긴 개뿔.,False
393,안주로 딱이네요. ㅎㅎ,False
394,맛있어요 더 맛있어질수도 있을거같아요,False
395,후회없쥬 맛있어용,True
396,맛있게 잘 먹었습니다,True
397,칼국수 면이 바지락과 일반이 달라요. 바지락 칼굯ㅜ가 맛나네요,True
398,완전 맛있고 양도 많아요! 바지락 양 보고 정말 놀랐어요!!,True
399,맛있는 사골 칼국수,True
400,맛있어서 여러번 시켜 먹엇습니다.,True
401,"면이 두꺼워서 좋았고 국물도 맛있었습니다만
양념장이 없어서 아쉬웠습니다.",True
402,정말 맛있어요~~!!,True
403,"해장에 얼큰 칼국수 국물이 최고인거 같아옄,,, 👍👍👍
전체적으로 다 맛있어요",True
404,칼국수는 거의 맹물이고 만두도 맛이없음,False
405,ㅠㅠ먹다가사진을못찍었네용 엄청맛잇구 양이엄청많구요! 그리고김치가진짜 대박이에요 매운김치 ㅠ ㅜ♡ 맛있어요!!,True
406,존맛 먹다가 찍엇니요,True
407,"오랜만에 교촌치킨먹는데
존맛탱!! 굿굿",True
408,잘먹었습니다ㅏㅏㅏㅏㅏ,True
409,맛있게 잘 먹었습니다 👍🏻,True
410,배달빠르고 맛나요~~,True
411,gooooooooooooooood,True
412,"12시 20분에 시켰는데 새벽 2시에왓어요......
이럴거면 취소시켜주시지 ㅜㅜ",False
413,"언제나 맛있게 먹는 레드윙!!!
독보적인 맛이라 다른 걸 시킬 생각조차 안 드는... ㅎㅎㅎ",True
414,배달시간도 엄청 빠르고 맛있게 잘 먹었습니다!!,True
415,"맛있게 잘 먹었습니다.
반반윙이 제일 좋아요",True
416,잘먹었습니다. 종종 비린게있네요,False
417,닭강정 여럿 시켜보는데 대자라고 14000원짜리가 이런 양은 처음보네요 ㅋㅋㅋㅋ 다음에 절대 안시킵니다.,False
418,포장할때보다 양을 적게 주셔서 조금 실망했지만 맛은 최고에요,False
419,맛있게 잘 먹었습니다,True
420,감사합니다 잘 먹었습니다😊,True
421,맛있게 잘 먹었습니다~,True
422,맛잇음 배달빠름 굿굿,True
423,너무 맛있어요ㅠ 양도 많고 닭강정집 정착 못하던중이었는데 여기로 정착할게요!!얌!,True
424,너무 맛있어요.추천!,True
425,너무 맛있어요.추천해요!,True
426,잘먹었습니다 감사해요,True
427,시간 내에 배달이 되지 않아서 10분이상 기다리다 매장에 전화를 했더니 주문자가 받지도 않았는데 다른집으로 배달하고 배달완료 해버리고 결국 주문하고 1시간30분후에 다 식은거 먹네요. 확인후 전화준다더니 연락도 없고 뒷수습이 아쉽네요.,False
428,정말 빠른 배송 최고입니다,True
429,치즈감자가 너무 맛있네요!,True
430,맛있어요! 치즈가 많네요,True
431,빵도 부드럽고 안에 들어있는 야채와 소스도 맛있네요 맛있게 잘 먹었습니다.,True
432,맛있어요 살도 부드럽고,True
433,감자가 너무 맛있어요!! ㅎㅎ,True
434,"이런집이 우리동네에 있다니...
너무 맛있습니다.",True
435,약간 느끼합니다 양념은 맛있어요,False
436,"튀김 옷이 더 빠삭했음 좋겠어요ㅠㅠ
배달와서 눅눅한게 아님ㅠㅠ
매콤이도 전혀 안매워요ㅎㅎ
엄청 빨리오긴 했어요",False
437,너무 튀김웃이 두껍고 바삭함은 없네요.,False
438,소스가 적은건지 조각이 큰건지 닭강정보다는 순살치킨 느낌?,False
439,핫바 맛있어요. 특히 소세지 엄청 커서 존맛,True
440,맛 양 모두 괜찮은 곳이었습니다. 다음에 또 먹을 것 같네요,True
441,맛있게 먹었습니다. 양이 생각보다 적었고 마늘맛을 시켰는데 마늘맛이 약하네요.,False
442,치킨무 사이드메뉴에 추가해주세요!,True
443,"맛있어요
다음에 또 시켜먹을게요",True
444,"너무맛있는60계치킨~한양대점!!
잘먹었습니다!",True
445,어어어엄청 빠삭하니 맛있어요,True
446,배달 엄청 빨리 오네요.,False
447,"지점 마다 맛이 조금씩 다르네요
고추건지 반반...전에 살던곳은 소스도 듬뿍 뿌려지고 가슴살도 연했는데 여기는 퍽퍽하고 소스가 별로 없어 맛이 별로 였어요",False
448,반해버린 맛^^♡♡.재주문할계획입니다,True
449,맛있게 잘먹었습니다.,True
450,맛있게 잘먹었습니다! 바삭하고 좋네요,True
451,"포장다녀왔는데 사장님 친절하시구 좋아요!!!!! 치킨을 별로 안 좋아하는 편인데도 맛있어서 계속 먹었어용
똥집튀김은 배불러서 내일 먹으려고 남겨뒀는데, 한개 미리 집어먹어보니까 쫄깃하고 고소해서 좋네요!!! 내일 넷플릭스 보면서 과자처럼 집어먹으려구요
잘먹었습니다~~~~",True
452,맛있게 먹었습니다!,True
453,맛있게잘먹었어요!!,True
454,배달상ㅣ태 맛 등등 다 최곱니다,True
455,촉촉하고 바삭하구.. 맛있습니다!,True
456,맛있었어요ㅎㅎ 겉은 바삭하고 속은 촉촉했어요 같이 먹은 사람도 어떻게 뿌리는 양념에 치킨이 바삭할 수 있냐고 감탄했습니다ꉂꉂ(ᵔᗜᵔ*) 담에는 하얀소스 뿌려진 슈프림 먹어보고싶어요,True
457,"블랙라벨~~
맛있어요~
잘먹었습니다~",True
458,"촉촉하면서 살짝 바삭한 맛이 먹고 싶었던 치킨 그 자체였습니다(⌒‐⌒)b
그 중에서 양념이 촉촉하면 달달맛이 정말 먹고 싶었던 그 맛이여서 만족스러워요(*≧∀≦*)",True
459,음식도 맛있고 배달도 빨라요,True
460,다른 포장박스에 눌린건지 상자가 치킨을 잔뜩 누른채로 와서 쪼끔 슬펐지만... 그래도 맛있게 먹어서 별5개 드려요ㅜㅜ,True
461,직원분인 외국인이었는데 좀더 친절했으면 좋겠어요 인사도 하고요 양을 많이 주셨으면 좋겠네요,False
462,담엔 보통맛 먹어봐야겠네요~~^^ 맛있어요,True
463,고추유린기 먹다가 칠리새우 먹어봤어요,True
464,자주시켜먹는곳입니다.,False
465,오랫만이네요 이렇게 진탱이는 잘먹었습니다,True
466,"제시간에 안전하게 잘 배달이 됐구오 
맛또한 좋아오 
꽈리고추가 신의한수인듯하네요",True
467,너무 맛있고 배달 빨라서 좋아요^^,True
468,정말 맛있구 냄새도 안나고 만족스러워요 ㅎㅎ,True
469,"30분도 안되서 도착했어요! 👍 👍  
토핑은 필수! 꽈리고추와 오란다는 무조건 x2!!!!
 넘나 맛있어요~  토핑 추가하다보니 닭강정보다 토핑을 더 많이 시켰네요~ ㅋㅋㅋ 
맛있어요! 맛있어요! 
담에는 순한맛보다 좀 매운걸로 먹어봐야겠어요~!!!",True
470,진짜 괜찮아요. 맵찔이라 순한거시켜봣는데 조금 매콤한것도 괜찮을거 같아요. 배달도 빠름,True
471,그냥 시켜봤는데 너무 맛있음 또 시켜먹을거예요!!,True
472,"버거가 뭔가 맛이 강렬하지 않아서 좋았습니다.
근데 버거가 문제가 아니라 프렞치프라이 하고 텐더가 칼로리가 생각보다 버거많큼 크네요!
함께 온 칼로리 표 보고 다음에 주문할때 잘 골라야 할거 같습니다.
두명이서 버거 잘 먹었어요!",True
473,잘 먹었어요 또 주문할께요,False
474,포장이 조금 특이?? 해요… 한번더 포장해주셨으먼 좋겠는데 친환경적인 봉투를 사용하기 위함인건가요…? 맛잇엇습니다,True
475,구우우웅우웃~~넘맛나유,True
476,"첨먹어보는데
맛있게 잘먹었습니다 감사합니다",True
477,최고!!!!!!!!!!!!!!!,True
478,"축구 경기날인데도 빠르게 배달해 주심 ♥ 
언제나 맛있고 좋습니다 !",True
479,👍🏻👍🏻👍🏻👍🏻👍🏻👍🏻👍🏻👍🏻👍🏻👍🏻,True
480,맛있게 잘 먹었으요,True
481,"월드컵 날이여서 많이 바쁘신것도 이해되지만 주문했던 소스는 돈추가해서 했는데 가격낮은 다른소스가오고 배달요청사항도 적어두었지만 배달하시는분이 못보셨는지 쾅쾅문두들기시고 소리치셔서 놀랬어요
다음에는 쬐굼만 주문한거 확인 잘하셔서 보내주셨으면 좋겠습니다 얼마안되는 돈이지만 주문과 다른거 받으니 기분이 좋진않네요",False
482,맛있어요..많이 파세요,True
483,배달이 빠르고 맛있습니다,True
484,맛있게 잘 먹었습니다.,True
485,매콤 달콤 맛있게 잘먹었어요,True
486,맛있게 잘먹었었어요~!!,True
487,너무 친절하시네요! 맛있어요 ㅎㅎ,True
488,새벽4시에 배달해주시다니 잘 먹었어요,False
489,자꾸 지하증로 배송했거든요 저는 102호에 살아요 B102호 아니요 잘못배송때 배승완성 사진도 안직고 전화도 없어요,False
490,"막국수가 특히 맛있었어요 
맛나게 잘먹었습니다",True
491,맛있어요 너무 좋아요,False
492,최고,True
493,케밥 맛잇어용 늦었지만 ㅜ,True
494,"맛있습니다.
양고기 케밥은 맛있는데 치킨 케밥이 제게는 좀 느끼했네요. 칠리 소스를 넣어 먹어도...
그리고 감자튀김이 아주 맛있었습니다.

아무튼 배불리 먹었고 배달 기사님 수고하셨습니다.",False
495,맛있네요 양이은근많음;;,True
496,맛있게 잘먹었습니다,True
497,"와..진짜..제가 이렇게까지 리뷰쓰고싶지않는데..
세상 맛없어도 이렇게 맛없는 치킨은 없을거같네요.. 
제가 짠거 엄청 좋아하는편인데..
여기는 그냥 소금 덩어리인가봐요..
짜고 맵고 돈아까워서 억지로 먹을려다가..
포기하네요..
진짜로 제 남아있는 생을 살면서 이렇게까지 맛없는치킨은 없을듯합니다..",False
498,닭이 살이 적고 껍데기만 많아요,False
499,배달도 빠르고 맛있었음,True
500,"여러가지맛을 먹을우 있어서 좋아요^^
소스가 좀 적게 오는것도 있지만 다음에는 소스를 치킨에 잘발라주세요",True
501,첨 시켜먹었는데 엄청 맛있게 먹었습니다~!!,True
502,여러가지맛 한번에 가득~맛잇어용ㅎㅎ,True
503,"맛있어요. 먹다가 사진을 못 찍을뻔 했네요. ㅎㅎ
벌써 세번째인데., 이번엔 다른맛도 맛 보고 싶어서 세트로 구매했어요. ^^ 한동안 치킨은 여기서만 시켜 먹을것 같네요. 잘 먹었습니다~~",True
504,맛있어요 오래간만에 먹었는데 맛있네요,True
505,"한마리가 딱이었음 닭냄새도 안나고 맛있었네요
다음엔 치즈볼만 더시킬듯",True
506,"맛있어요~ 사진을 못 찍어서 아쉽네요~
처음 시켜보고, 맛있어서 같은걸로 또 주문 해 버렸어요. 
일단 순살인데..엄청 크리스피해요. 치폴라 양념이 조금 적었던게 아쉽긴 했어요. 그래도 맛있게 먹었습니다. 다음에는 다른맛도 도전해 보렵니다.",True
507,불어서와서 아쉬워요ㅠ,False
508,맛이 미묘하고 시원한 맛이 없어요,False
509,너무 맛있고 배달도 빠르고 양도 많아서 좋아요😍,True
510,굿.굿 굿.굿.굿.굿.굿,True
511,짬뽕 매콤해서 맛있어요,True
512,"자장면 먹고싶을땐 여기서만 시켜요.
늘 세트메뉴에서 먹던 탕수육도 맛있어서 
오늘은 세트메뉴말고 단품으로 시켜서 탕수육도 맘껏 먹었어요.
쫄깃쫄깃 정말 맛있어요",True
513,배달도 빠르고 음식도 좋았습니다~ ㅎ 짬뽕은 양이 많아 반으로 가르느라 사진을 못찍었네요~ 👍👍,True
514,아니 여기서 주문 맨날 해 먹는데 7시 44분에 주문 넣어도 걍 취소시키네요? 대기중아니냐 자기네들은 모른다 배달원 없어서 지연중이라고 안내 오길래 기다렸더니 돌아오는건 주문 취소? 너무하네요,False
515,양도 푸짐하고 배달도 빨라서 좋아요~!,True
516,"양이 많았고, 많이 불어서 왔어요",False
517,봉지가 터져서 왔는데 그냥 먹었습니다..그래도 맛있네요,True
518,"아이가 여기만 시켜먹어요^^
맛있어요",True
519,완전 맛있어요! 오늘 첨 시켜봤는데 담에 또 주문해야겠어요.,True
520,맛있게 잘먹었습니다,False
521,너무맛잇습니다...,True
522,맛있어요 진짜 존맛,True
523,가게에서만 먹다가 오랜만에 배달시켰는데 정말 맛있어요  잘먹었습니다,True
524,맛있어서 자주 시켜먹어요,True
525,"마라탕은 탕화쿵푸가 최고인듯^^배달도 빠르고 맛있어요~
요청사항도 들어주셔서 감사합니다",True
526,"백탕이 왔어요 ㅜㅜ  중학생딸이 마라탕 먹고 싶다고해서 직장에서 급하게 시키다보니 백탕으로 선택이 됐나봐요. 대자로 시켰는데 백탕이니 애는 울면서 전화하고 정말  난감했네요.
기본선택이 백탕이라 저처럼 실수하는 사람들이 있던데 수정부탁드려요.
제가 잘못주문한거라 뭐 할 말은 없네요.",True
527,"음식은 늘 맛있었지만..차파이가 안오네요ㅜㅜ 
가게 전화도 없구 내3찬원..잉ㅜㅜ",False
528,마라빤 진짜 양 많고 진짜 맛있어요,True
529,"好大一份，吃了两顿！真的挺好吃的，难得看见有白汤的店～
잘 먹었습니다! 감사합니다",True
530,빠삭쫀득 넘 맛있어용,True
531,"양이많아요  저큰국수그릇  2개나눠서먹었습니다
기본야채두부 있어요",True
532,"이 동네에서 가격도 비싸고 배달비도 너무 비싸지만
제일 맛있는걸 어떡해",True
533,맛있었어요. 배달도 엄청 빨리 와주셨어요.,True
534,제 단골집.. 마라샹궈는 좀 많이 짰어요,True
535,헐 옛날뀌바로우 넘 맛있어요,True
536,항상 맛있어서 자주 이용하고 있어용^^,True
537,이 동네에서 아직도 마라탕 맛집을 못 찾았다? 그냥 무조건 여기서 시키세요 ㅠㅠ 진짜 너무 맛있습니다… 여기가 최고.. 간도 알맞고 꿔봐로우 미쳤고 마라탕 재료도 엄청 넣어주십니다ㅠㅠ 미니전도 맛있어요,True
538,맛있었어요. 배달도 엄청 빨리 와주셨어요,True
539,양춘면이 정말 맛있습니다!,True
540,哈哈哈哈啊哈哈哈哈哈哈,True
541,"양춘면이란거 처음먹어봤는데 완전 매력있네요
짜장면도 여기는 북경식이라 써잇는데 평소 제가 알던거랑 다른데 맛있어요 ㅎㅎ",True
542,입맛에 약간 안 맞았던듯,False
543,국물과 건더기를 따로 배달해주시니.. 좋았네요.. 느끼한걸 싫어하는 사람은 좀 매운것을 선택하면 좋겠구요. 샤오롱은 너무나 맛이 있고요.,True
544,잘먹었습니다!!!!,True
545,양도 많고 맛있습니다!,True
546,"맛있게 잘먹었습니다 감사합니다 
만두는젤맛없네요.안익은밀가루맛~",True
547,좋아요 잘먹겠습니다,True
548,"완탕면은 후추 조금 뿌려먹으면 더 맛있어요
쇼좌빙은 저게 9000원......^^;;",False
549,양과 배달이 좋은집,False
550,맛있게 잘 먹었습니다!! 특히 홍합해물짬뽕 맛있었어요!!,True
551,"맛있어요 간만에 짜장면 홀에서 먹는 기분이었어요
배달도 엄청 빨랐어요",True
552,잘먹었습니다. 추천합니다 ^^,True
553,맛나게 잘먹었습니다,True
554,게살볶음밥은 맛있었는데 삼선짬뽕은 맵기만하고 엄청 싱거웠네요... ㅜㅜ 전에 홍합짬뽕은 엄청 맛있었는데... 아쉬웠습니다,False
555,진짜 맛있게 잘먹었어요 해장으로 아주 좋네요!!,True
556,굿굿조아여맛잇어여ㅋㅋㅋ,True
557,세트메뉴라도 정말 푸짐하게 주시네요. 미더덕이랑 홍합 이정도로 많이 넣어서 만드는 중국집 오랜만입니다 또 시킬게요,True
558,"생각보다 배달이 엄청 빨리와서 음식이 뜨끈한 상태로 도착하니 좋아요~ 단무지, 양파 많이 달라고 요청했는데 넉넉하게 주셔서 감사합니다! 양도 많고 맛도 좋아 야무지게 잘 먹었습니다 :)",True
559,맛있게잘먹었습니다~,True
560,"맛있게 잘 먹었습니다.
양도 충분하고 얼큰했어요.",True
561,"요청사항은 스킵 됬지만, 전체적으로 고기 양도 많았고 구성도 좋았어요 👍 
순한맛 혹은 보톤맛 치고 좀 매운 것 같아요...
그래도 굿 ☺️",True
562,종종 시켜먹는데 맛있어요!,True
563,맛있어요 양이 엄청많아요,True
564,맛있었다 맵찔이인.나에겐 조금 매웠음 보통맛으로시킴 다음엔 납작당면말고 분모자를 추가해야징,True
565,양이 많아서 푸짐하게 잘 먹었습니다,True
566,맛있게 잘 먹었습니다~,True
567,맛있습니다    잘먹었습니다    근데  전부터  느끼는건데  요청사항은  잘안  보시는듯  당면 떡  빼달라고  했은데 안보시는 가봐요 벌써 몇번째 그럼 당면 떡은  다버림.,True
568,"음식은 깔끔하고  맛있었습니다.간이 살짝약해서 조금  아쉬웠지만
대체적으로  만족해요.",False
569,맛있게 잘 먹었습니다~~,True
570,맛있게 잘  먹었습니다,True
571,탕수육 맛있어요~^^,True
572,맛있게 먹었습니다~~~,True
573,맛있게 잘 먹었습니다.,True
574,"매번 느끼지만, 리뷰가 없는게 아쉽네요..
맛있는 집인데...",True
575,맛도 괜찮고 양도 괜찮았어요~!,True
576,맛있게 잘 먹었어요,True
577,"배달도 엄청 빠르고 여기 진짜 탕수육 맛집인데 리뷰가 없어 아쉽네요..
사장님!! 홍보 좀 하세요~~^^",True
578,맛있게 잘 먹었습니다~^^,True
579,넘.너무 맛있어요 항상 마라반 시킵니다,True
580,맛있게 먹었습니다!!,True
581,날이 추우니 급~ 땡겨서 바로 주문! 역시 빠르고 맛나게 도착했어요! 저역시 빠르게 클리어~ 언제나 맛납니다,True
582,"가게가 소고기, 메추리알을 넣는 것을 잊었어요ㅠ",False
583,맛나욤. 좋아욤.,True
584,"매주 시키는 마리탕
너무 맛있어요.",True
585,"너무너무 맛있어요 꿔바로우 바삭바삭 존맛탱……
이틀 연속 먹으려고 들어왔다가 리뷰쓰고 가용",True
586,"꿔바로우 맛있었고
마라샹궈는 약간 짰어요",False
587,마라탕 너무 맛있어요.,True
588,배달 빠르고 맛있네요. 꿔바로우가 맛나요.,True
